{
  "total_rows": 15000,
  "evaluated": 15000,
  "accuracy@1": 0.9555333333333333,
  "mrr": 0.8270694981291792,
  "hit@1": 0.6432,
  "hit@3": 0.9393333333333334,
  "hit@5": 0.9533333333333334,
  "hit@10": 0.9584666666666667,
  "counts": {
    "rr_count": 14377,
    "hit_count": 15000,
    "correct_top1": 14333
  }
}