{
  "total_rows": 100000,
  "evaluated": 100000,
  "accuracy@1": 0.98586,
  "mrr": 0.9178860604119181,
  "hit@1": 0.8266170572408758,
  "hit@3": 0.9859373280923376,
  "hit@5": 0.9869875276302498,
  "hit@10": 0.9872575789399985,
  "counts": {
    "rr_count": 98707,
    "hit_count": 99981,
    "correct_top1": 98586
  }
}